{
  "project_info": {
    "project_number": "23525522904",
    "firebase_url": "https://deacero-f29ad.firebaseio.com",
    "project_id": "deacero-f29ad",
    "storage_bucket": "deacero-f29ad.appspot.com"
  },
  "client": [
    {
      "client_info": {
        "mobilesdk_app_id": "1:23525522904:android:3370a85d4743c94b",
        "android_client_info": {
          "package_name": "com.samanthabarco.volleyavance"
        }
      },
      "oauth_client": [
        {
          "client_id": "23525522904-q8jfo0snb565htualh04p6390a13qpps.apps.googleusercontent.com",
          "client_type": 3
        }
      ],
      "api_key": [
        {
          "current_key": "AIzaSyB11wInvxBo2qBsrbC_vpE7DdocZHM6370"
        }
      ],
      "services": {
        "appinvite_service": {
          "other_platform_oauth_client": [
            {
              "client_id": "23525522904-q8jfo0snb565htualh04p6390a13qpps.apps.googleusercontent.com",
              "client_type": 3
            }
          ]
        }
      }
    }
  ],
  "configuration_version": "1"
}